{
    "loss": 0.1364458054304123,
    "accuracy": 0.9496200084686279
}