{
    "loss": 0.6506222486495972,
    "accuracy": 0.6949999928474426
}